{"built_utc": "2026-07-11T02:09:21.275741+00:00", "leagues": {"soccer_epl": {"avg_home": 1.5212056389349, "avg_away": 1.2600455086309452, "teams": {"Liverpool": {"att": 1.280399742474916, "def": 0.9833403171295078, "n": 76}, "Bournemouth": {"att": 1.0846508910512147, "def": 0.9282224987918359, "n": 76}, "Aston Villa": {"att": 1.1055444872174112, "def": 0.9697755577742186, "n": 76}, "Newcastle": {"att": 1.0764445253993256, "def": 1.0322205442773076, "n": 76}, "Brighton": {"att": 1.0369618911236635, "def": 0.9104936956107818, "n": 76}, "Fulham": {"att": 0.8829710513647334, "def": 0.950325628022386, "n": 76}, "Sunderland": {"att": 0.8115054453119277, "def": 0.9588432678551929, "n": 38}, "West Ham": {"att": 0.8885842772484289, "def": 1.1471392456764682, "n": 76}, "Tottenham": {"att": 0.9046703132908309, "def": 1.1496290849636834, "n": 76}, "Burnley": {"att": 0.6926844838157852, "def": 1.4162999839965762, "n": 38}, "Wolves": {"att": 0.6187808496964227, "def": 1.2378674540919934, "n": 76}, "Man City": {"att": 1.421234169776904, "def": 0.6848190408634378, "n": 76}, "Chelsea": {"att": 1.044189241434515, "def": 1.0020994556222715, "n": 76}, "Crystal Palace": {"att": 0.8139448380698198, "def": 1.038938402617571, "n": 76}, "Nott'm Forest": {"att": 1.024184755033598, "def": 0.9117932493219172, "n": 76}, "Brentford": {"att": 1.0648808076321767, "def": 0.9827258498160462, "n": 76}, "Man United": {"att": 1.232853956032781, "def": 0.9271136270993832, "n": 76}, "Arsenal": {"att": 1.311548732626572, "def": 0.5469041049002761, "n": 76}, "Leeds": {"att": 0.9402036509490611, "def": 0.9984497934156488, "n": 38}, "Everton": {"att": 0.9015503022172618, "def": 0.9611210677973466, "n": 76}, "Ipswich": {"att": 0.6752989209224819, "def": 1.5957310042343216, "n": 38}, "Southampton": {"att": 0.4849582848092908, "def": 1.6163351774738646, "n": 38}, "Leicester": {"att": 0.5811214182438107, "def": 1.4854082733529996, "n": 38}}}, "soccer_spain_la_liga": {"avg_home": 1.5660813731697576, "avg_away": 1.1331360437238562, "teams": {"Girona": {"att": 0.7765272065755727, "def": 1.0336213149609204, "n": 76}, "Vallecano": {"att": 0.8410785651021583, "def": 0.8464116428335859, "n": 76}, "Villarreal": {"att": 1.408697581557592, "def": 0.9457560165244824, "n": 76}, "Oviedo": {"att": 0.5260697528450906, "def": 1.1663252760182135, "n": 38}, "Mallorca": {"att": 0.8930868404771815, "def": 1.0417566932164728, "n": 76}, "Barcelona": {"att": 1.8035980604244157, "def": 0.6973839579508309, "n": 76}, "Alaves": {"att": 0.8793581305708492, "def": 1.0911726699011666, "n": 76}, "Levante": {"att": 0.9485770536333644, "def": 1.1548764946346681, "n": 38}, "Valencia": {"att": 0.9504043428524876, "def": 1.0324268705857642, "n": 76}, "Sociedad": {"att": 1.1012505175245983, "def": 1.1868607275892866, "n": 76}, "Celta": {"att": 1.0802174724514415, "def": 0.9849158067024338, "n": 76}, "Getafe": {"att": 0.6330656554499938, "def": 0.7191964676558484, "n": 76}, "Ath Bilbao": {"att": 0.8925779061617868, "def": 1.0618408391835967, "n": 76}, "Sevilla": {"att": 0.8462334933910929, "def": 1.142963787233076, "n": 76}, "Espanol": {"att": 0.8039674778406338, "def": 1.0685829994446785, "n": 76}, "Ath Madrid": {"att": 1.2156798616556819, "def": 0.8753388135156092, "n": 76}, "Elche": {"att": 0.9546926267678609, "def": 1.1368357569796135, "n": 38}, "Betis": {"att": 1.1598464112669002, "def": 0.9668344677187443, "n": 76}, "Real Madrid": {"att": 1.4722606484488288, "def": 0.7092344888048571, "n": 76}, "Osasuna": {"att": 0.8919069217981741, "def": 1.0146490119752494, "n": 76}, "Las Palmas": {"att": 0.7239082446725211, "def": 1.1668910021904613, "n": 38}, "Leganes": {"att": 0.8107700668339222, "def": 1.0967989610487514, "n": 38}, "Valladolid": {"att": 0.5096362389651631, "def": 1.8129665829200985, "n": 38}}}, "soccer_italy_serie_a": {"avg_home": 1.2832552357215896, "avg_away": 1.173043049930413, "teams": {"Genoa": {"att": 0.8570424873815549, "def": 1.0490922808607994, "n": 76}, "Lecce": {"att": 0.6228681458084218, "def": 1.0783836945488698, "n": 76}, "Sassuolo": {"att": 0.9826227490208745, "def": 1.0729005557720785, "n": 38}, "Napoli": {"att": 1.2445030628429885, "def": 0.7276599787216987, "n": 76}, "Milan": {"att": 1.123852632357679, "def": 0.8350724902922526, "n": 76}, "Cremonese": {"att": 0.6643423898020208, "def": 1.2716100495584262, "n": 38}, "Roma": {"att": 1.3476622064576023, "def": 0.700732437311619, "n": 76}, "Bologna": {"att": 1.0642349133378972, "def": 1.0243143171168652, "n": 76}, "Cagliari": {"att": 0.8666203874776183, "def": 1.1453848766997783, "n": 76}, "Fiorentina": {"att": 0.9574431415923664, "def": 0.9818593068336114, "n": 76}, "Como": {"att": 1.375013023340213, "def": 0.702938776388653, "n": 76}, "Lazio": {"att": 0.953257338982044, "def": 0.9371688833568959, "n": 76}, "Atalanta": {"att": 1.191526213521946, "def": 0.7780856921620006, "n": 76}, "Pisa": {"att": 0.5337108690901792, "def": 1.6104169366839596, "n": 38}, "Juventus": {"att": 1.281011429395851, "def": 0.7396315525854448, "n": 76}, "Parma": {"att": 0.6759030598268639, "def": 1.0207439491709616, "n": 76}, "Udinese": {"att": 0.9512924935071392, "def": 1.0054765501822895, "n": 76}, "Verona": {"att": 0.5366396781068203, "def": 1.279772630393778, "n": 76}, "Inter": {"att": 1.855970904883789, "def": 0.762785129617629, "n": 76}, "Torino": {"att": 0.9507373318607688, "def": 1.253205145031352, "n": 76}, "Empoli": {"att": 0.7248253672804666, "def": 1.3308235671554665, "n": 38}, "Monza": {"att": 0.563669944440323, "def": 1.5785013673766013, "n": 38}, "Venezia": {"att": 0.691479709769705, "def": 1.1752356295002082, "n": 38}}}, "soccer_germany_bundesliga": {"avg_home": 1.754954887341027, "avg_away": 1.4693368877008635, "teams": {"Bayern Munich": {"att": 2.112672706938566, "def": 0.6888786839821821, "n": 68}, "RB Leipzig": {"att": 1.1558219948183723, "def": 0.893857650775824, "n": 68}, "Ein Frankfurt": {"att": 1.0788791234906723, "def": 1.089306636231186, "n": 68}, "Werder Bremen": {"att": 0.7139390706933492, "def": 1.048928351501106, "n": 68}, "Freiburg": {"att": 0.931961820102198, "def": 1.031812557034656, "n": 68}, "Augsburg": {"att": 0.7959147679285524, "def": 1.0524441956100568, "n": 68}, "Heidenheim": {"att": 0.7860951617242368, "def": 1.2566956409993748, "n": 68}, "Wolfsburg": {"att": 0.8320037052423386, "def": 1.18836462968861, "n": 68}, "Leverkusen": {"att": 1.2356885146035352, "def": 0.8465264999771448, "n": 68}, "Hoffenheim": {"att": 1.0924461319216203, "def": 1.0419175104006062, "n": 68}, "Union Berlin": {"att": 0.798967510668032, "def": 1.0458201051330533, "n": 68}, "Stuttgart": {"att": 1.3175529649335656, "def": 0.9254158597875038, "n": 68}, "St Pauli": {"att": 0.5112185042021976, "def": 1.0410904841838058, "n": 68}, "Dortmund": {"att": 1.3054610153195527, "def": 0.6860099144912875, "n": 68}, "Mainz": {"att": 0.8828833850046433, "def": 0.916729879165949, "n": 68}, "FC Koln": {"att": 0.8808039946395553, "def": 1.2106628598777294, "n": 34}, "M'gladbach": {"att": 0.8310320124591859, "def": 0.9618820031571335, "n": 68}, "Hamburg": {"att": 0.7647267331294709, "def": 1.0023584126503735, "n": 34}, "Holstein Kiel": {"att": 0.9057967115454498, "def": 1.4115114873394754, "n": 34}, "Bochum": {"att": 0.6049152470975683, "def": 1.1638369102146477, "n": 34}}}}}